{
  "iteration": "v0",
  "metrics": {
    "accuracy": 0.9,
    "precision_weighted": 0.906060606060606,
    "recall_weighted": 0.9,
    "f1_weighted": 0.9015037593984961
  }
}